"source_id","Subtopics","Topics","Region"
"at_80652","Réduction de la consommation d'énergie","Evolution des procédés industriels","Bourgogne-Franche-Comté"
"at_80652","Réduction de la consommation d'énergie","Evolution des procédés industriels","Bourgogne-Franche-Comté"
"at_80652","Réduction de la consommation d'énergie","Evolution des procédés industriels","Bourgogne-Franche-Comté"
"at_30549","Acquisition et extension des locaux","Gestion des bâtiments","Occitanie"
"at_30549","Acquisition et extension des locaux","Gestion des bâtiments","Occitanie"
"at_30549","Acquisition et extension des locaux","Gestion des bâtiments","Occitanie"
"at_30549","Acquisition et extension des locaux","Gestion des bâtiments","Occitanie"
"at_30549","Acquisition et extension des locaux","Gestion des bâtiments","Occitanie"
"at_30549","Acquisition et extension des locaux","Gestion des bâtiments","Occitanie"
"at_30549","Acquisition et extension des locaux","Gestion des bâtiments","Occitanie"
"at_30549","Acquisition et extension des locaux","Gestion des bâtiments","Occitanie"
"at_30549","Acquisition et extension des locaux","Gestion des bâtiments","Occitanie"
"at_30549","Acquisition et extension des locaux","Gestion des bâtiments","Occitanie"
"at_30549","Acquisition et extension des locaux","Gestion des bâtiments","Occitanie"
"at_80676","Education, formation et animation des acteurs","Secteur eau et écosystèmes","Bourgogne-Franche-Comté"
"at_94415","Diagnostic eau et milieux naturels","Secteur eau et écosystèmes","Nouvelle-Aquitaine"
"at_94415","Diagnostic eau et milieux naturels","Secteur eau et écosystèmes","Nouvelle-Aquitaine"
"at_94415","Diagnostic eau et milieux naturels","Secteur eau et écosystèmes","Nouvelle-Aquitaine"
"at_30568","Développer le réseau de distribution d'énergie","Mobilité des employés","Occitanie"
"at_30568","Développer le réseau de distribution d'énergie","Mobilité des employés","Occitanie"
"at_30568","Développer le réseau de distribution d'énergie","Mobilité des employés","Occitanie"
"at_30568","Développer le réseau de distribution d'énergie","Mobilité des employés","Occitanie"
"at_30568","Développer le réseau de distribution d'énergie","Mobilité des employés","Occitanie"
"at_30568","Développer le réseau de distribution d'énergie","Mobilité des employés","Occitanie"
"at_30568","Développer le réseau de distribution d'énergie","Mobilité des employés","Occitanie"
"at_30568","Développer le réseau de distribution d'énergie","Mobilité des employés","Occitanie"
"at_30568","Développer le réseau de distribution d'énergie","Mobilité des employés","Occitanie"
"at_30568","Développer le réseau de distribution d'énergie","Mobilité des employés","Occitanie"
"at_30568","Développer le réseau de distribution d'énergie","Mobilité des employés","Occitanie"
"at_30568","Développer le réseau de distribution d'énergie","Mobilité des employés","Occitanie"
"at_30568","Développer le réseau de distribution d'énergie","Mobilité des employés","Occitanie"
"at_30568","Développer le réseau de distribution d'énergie","Mobilité des employés","Occitanie"
"at_30568","Développer le réseau de distribution d'énergie","Mobilité des employés","Occitanie"
"at_30568","Développer le réseau de distribution d'énergie","Mobilité des employés","Occitanie"
"at_30568","Développer le réseau de distribution d'énergie","Mobilité des employés","Occitanie"
"at_30568","Développer le réseau de distribution d'énergie","Mobilité des employés","Occitanie"
"at_30568","Développer le réseau de distribution d'énergie","Mobilité des employés","Occitanie"
"at_30568","Développer le réseau de distribution d'énergie","Mobilité des employés","Occitanie"
"at_30568","Développer le réseau de distribution d'énergie","Mobilité des employés","Occitanie"
"at_30568","Développer le réseau de distribution d'énergie","Mobilité des employés","Occitanie"
"at_30568","Développer le réseau de distribution d'énergie","Mobilité des employés","Occitanie"
"at_30568","Développer le réseau de distribution d'énergie","Mobilité des employés","Occitanie"
"at_30568","Développer le réseau de distribution d'énergie","Mobilité des employés","Occitanie"
"at_30568","Développer le réseau de distribution d'énergie","Mobilité des employés","Occitanie"
"at_30568","Développer le réseau de distribution d'énergie","Mobilité des employés","Occitanie"
"at_30568","Développer le réseau de distribution d'énergie","Production et distribution d'énergie","Occitanie"
"at_30568","Développer le réseau de distribution d'énergie","Production et distribution d'énergie","Occitanie"
"at_30568","Développer le réseau de distribution d'énergie","Production et distribution d'énergie","Occitanie"
"at_30568","Développer le réseau de distribution d'énergie","Production et distribution d'énergie","Occitanie"
"at_30568","Développer le réseau de distribution d'énergie","Production et distribution d'énergie","Occitanie"
"at_30568","Développer le réseau de distribution d'énergie","Production et distribution d'énergie","Occitanie"
"at_30568","Développer le réseau de distribution d'énergie","Production et distribution d'énergie","Occitanie"
"at_30568","Développer le réseau de distribution d'énergie","Production et distribution d'énergie","Occitanie"
"at_30568","Développer le réseau de distribution d'énergie","Production et distribution d'énergie","Occitanie"
"at_30568","Développer le réseau de distribution d'énergie","Production et distribution d'énergie","Occitanie"
"at_30568","Développer le réseau de distribution d'énergie","Production et distribution d'énergie","Occitanie"
"at_30568","Développer le réseau de distribution d'énergie","Production et distribution d'énergie","Occitanie"
"at_30568","Développer le réseau de distribution d'énergie","Production et distribution d'énergie","Occitanie"
"at_30568","Développer le réseau de distribution d'énergie","Production et distribution d'énergie","Occitanie"
"at_30568","Développer le réseau de distribution d'énergie","Production et distribution d'énergie","Occitanie"
"at_30568","Développer le réseau de distribution d'énergie","Production et distribution d'énergie","Occitanie"
"at_30568","Développer le réseau de distribution d'énergie","Production et distribution d'énergie","Occitanie"
"at_30568","Développer le réseau de distribution d'énergie","Production et distribution d'énergie","Occitanie"
"at_30568","Développer le réseau de distribution d'énergie","Production et distribution d'énergie","Occitanie"
"at_30568","Développer le réseau de distribution d'énergie","Production et distribution d'énergie","Occitanie"
"at_30568","Développer le réseau de distribution d'énergie","Production et distribution d'énergie","Occitanie"
"at_30568","Développer le réseau de distribution d'énergie","Production et distribution d'énergie","Occitanie"
"at_30568","Développer le réseau de distribution d'énergie","Production et distribution d'énergie","Occitanie"
"at_30568","Développer le réseau de distribution d'énergie","Production et distribution d'énergie","Occitanie"
"at_30568","Développer le réseau de distribution d'énergie","Production et distribution d'énergie","Occitanie"
"at_30568","Développer le réseau de distribution d'énergie","Production et distribution d'énergie","Occitanie"
"at_30568","Développer le réseau de distribution d'énergie","Production et distribution d'énergie","Occitanie"
"at_65860","Restauration écologique et adapation au changement climatique","Secteur eau et écosystèmes","France"
"at_65860","Restauration écologique et adapation au changement climatique","Secteur eau et écosystèmes","France"
"at_94840","Réduction des pollutions et dépollution","Evolution des procédés industriels","Grand Est"
"at_94840","Réduction des pollutions et dépollution","Evolution des procédés industriels","Grand Est"
"at_94840","Réduction des pollutions et dépollution","Evolution des procédés industriels","Grand Est"
"at_94840","Réduction des pollutions et dépollution","Evolution des procédés industriels","Grand Est"
"at_94840","Réduction des pollutions et dépollution","Evolution des procédés industriels","Grand Est"
"at_94840","Réduction des pollutions et dépollution","Evolution des procédés industriels","Grand Est"
"at_94840","Réduction des pollutions et dépollution","Evolution des procédés industriels","Grand Est"
"at_94840","Réduction des pollutions et dépollution","Evolution des procédés industriels","Grand Est"
"at_94840","Réduction des pollutions et dépollution","Evolution des procédés industriels","Grand Est"
"at_100365","Aide au recrutement","Ressources humaines","Europe"
"at_100365","Aide au recrutement","Ressources humaines","Europe"
"at_100365","Aide au recrutement","Ressources humaines","Europe"
"at_100365","Aide au recrutement","Ressources humaines","Europe"
"at_100365","Aide au recrutement","Ressources humaines","Europe"
"at_100365","Aide au recrutement","Ressources humaines","Europe"
"at_100365","Aide au recrutement","Ressources humaines","Europe"
"at_100365","Aide au recrutement","Ressources humaines","Europe"
"at_100365","Aide au recrutement","Ressources humaines","Europe"
"at_100365","Aide au recrutement","Ressources humaines","Europe"
"at_100365","Aide au recrutement","Ressources humaines","Europe"
"at_100365","Aide au recrutement","Ressources humaines","Europe"
"at_100365","Aide au recrutement","Ressources humaines","Europe"
"at_100365","Aide au recrutement","Ressources humaines","Europe"
"at_100365","Aide au recrutement","Ressources humaines","Europe"
"at_100365","Aide au recrutement","Ressources humaines","Europe"
"at_100365","Aide au recrutement","Ressources humaines","Europe"
"at_90871","Recherche, développement et innovation","Innovation produits et services","Nouvelle-Aquitaine"
"at_90871","Recherche, développement et innovation","Innovation produits et services","Nouvelle-Aquitaine"
"at_90871","Recherche, développement et innovation","Innovation produits et services","Nouvelle-Aquitaine"
"at_90871","Recherche, développement et innovation","Innovation produits et services","Nouvelle-Aquitaine"
"at_63923","Bilan énergétique et rénovation","Gestion des bâtiments","Pays de la Loire"
"at_63923","Bilan énergétique et rénovation","Gestion des bâtiments","Pays de la Loire"
"at_63923","Bilan énergétique et rénovation","Gestion des bâtiments","Pays de la Loire"
"at_63923","Bilan énergétique et rénovation","Gestion des bâtiments","Pays de la Loire"
"at_63923","Bilan énergétique et rénovation","Gestion des bâtiments","Pays de la Loire"
"at_63923","Bilan énergétique et rénovation","Gestion des bâtiments","Pays de la Loire"
"at_63923","Bilan énergétique et rénovation","Gestion des bâtiments","Pays de la Loire"
"at_63923","Bilan énergétique et rénovation","Gestion des bâtiments","Pays de la Loire"
"at_63923","Bilan énergétique et rénovation","Gestion des bâtiments","Pays de la Loire"
"at_63923","Bilan énergétique et rénovation","Gestion des bâtiments","Pays de la Loire"
"at_63923","Bilan énergétique et rénovation","Gestion des bâtiments","Pays de la Loire"
"at_63923","Bilan énergétique et rénovation","Gestion des bâtiments","Pays de la Loire"
"at_63923","Bilan énergétique et rénovation","Gestion des bâtiments","Pays de la Loire"
"at_63923","Bilan énergétique et rénovation","Gestion des bâtiments","Pays de la Loire"
"at_63923","Bilan énergétique et rénovation","Gestion des bâtiments","Pays de la Loire"
"at_63923","Bilan énergétique et rénovation","Gestion des bâtiments","Pays de la Loire"
"at_63923","Bilan énergétique et rénovation","Gestion des bâtiments","Pays de la Loire"
"at_63923","Bilan énergétique et rénovation","Gestion des bâtiments","Pays de la Loire"
"at_63923","Bilan énergétique et rénovation","Gestion des bâtiments","Pays de la Loire"
"at_63923","Bilan énergétique et rénovation","Gestion des bâtiments","Pays de la Loire"
"at_63923","Bilan énergétique et rénovation","Gestion des bâtiments","Pays de la Loire"
"at_90947","Démarche écoconception","Innovation produits et services","Nouvelle-Aquitaine"
"at_90947","Démarche écoconception","Innovation produits et services","Nouvelle-Aquitaine"
"at_98636","Formation et animation des acteurs locaux","Secteur eau et écosystèmes","Nouvelle-Aquitaine"
"at_101200","Incorporation de produits recyclés","Evolution des procédés industriels","Auvergne-Rhône-Alpes"
"at_101200","Incorporation de produits recyclés","Evolution des procédés industriels","Auvergne-Rhône-Alpes"
"at_101200","Incorporation de produits recyclés","Evolution des procédés industriels","Auvergne-Rhône-Alpes"
"at_98635","Réduction des consommations de matières premières","Secteur infrastructure et déchèterie","Nouvelle-Aquitaine"
"at_46985","Energies renouvelables","Production et distribution d'énergie","Provence-Alpes-Côte d'Azur"
"at_46985","Energies renouvelables","Production et distribution d'énergie","Provence-Alpes-Côte d'Azur"
"at_46985","Energies renouvelables","Production et distribution d'énergie","Provence-Alpes-Côte d'Azur"
"at_46985","Energies renouvelables","Production et distribution d'énergie","Provence-Alpes-Côte d'Azur"
"at_46985","Energies renouvelables","Production et distribution d'énergie","Provence-Alpes-Côte d'Azur"
"at_46985","Energies renouvelables","Production et distribution d'énergie","Provence-Alpes-Côte d'Azur"
"at_46985","Energies renouvelables","Production et distribution d'énergie","Provence-Alpes-Côte d'Azur"
"at_46985","Energies renouvelables","Production et distribution d'énergie","Provence-Alpes-Côte d'Azur"
"at_46985","Energies renouvelables","Production et distribution d'énergie","Provence-Alpes-Côte d'Azur"
"at_46985","Energies renouvelables","Production et distribution d'énergie","Provence-Alpes-Côte d'Azur"
"at_46985","Energies renouvelables","Production et distribution d'énergie","Provence-Alpes-Côte d'Azur"
"at_46985","Energies renouvelables","Production et distribution d'énergie","Provence-Alpes-Côte d'Azur"
"at_46985","Energies renouvelables","Production et distribution d'énergie","Provence-Alpes-Côte d'Azur"
"at_46985","Energies renouvelables","Production et distribution d'énergie","Provence-Alpes-Côte d'Azur"
"at_46985","Energies renouvelables","Production et distribution d'énergie","Provence-Alpes-Côte d'Azur"
"at_46985","Energies renouvelables","Production et distribution d'énergie","Provence-Alpes-Côte d'Azur"
"at_46985","Energies renouvelables","Production et distribution d'énergie","Provence-Alpes-Côte d'Azur"
"at_46985","Energies renouvelables","Production et distribution d'énergie","Provence-Alpes-Côte d'Azur"
"at_46985","Energies renouvelables","Production et distribution d'énergie","Provence-Alpes-Côte d'Azur"
"at_46985","Energies renouvelables","Production et distribution d'énergie","Provence-Alpes-Côte d'Azur"
"at_54964","Réhabilitation logements et sites industriels","Secteur ville durable","Bretagne"
"at_54964","Réhabilitation logements et sites industriels","Secteur ville durable","Bretagne"
"at_54964","Réhabilitation logements et sites industriels","Secteur ville durable","Bretagne"
"at_54964","Réhabilitation logements et sites industriels","Secteur ville durable","Bretagne"
"at_54964","Réhabilitation logements et sites industriels","Secteur ville durable","Bretagne"
"at_54964","Réhabilitation logements et sites industriels","Secteur ville durable","Bretagne"
"at_92621","Réduction du gaspillage","Evolution des procédés industriels","Pays de la Loire"
"at_44624","Amélioration de la qualité de l'air","Gestion des bâtiments","Grand Est"
"at_90787","Développement de recycleries","Gestion des déchets","Nouvelle-Aquitaine"
"at_90787","Développement de recycleries","Gestion des déchets","Nouvelle-Aquitaine"
"at_90787","Développement de recycleries","Gestion des déchets","Nouvelle-Aquitaine"
"at_90787","Développement de recycleries","Gestion des déchets","Nouvelle-Aquitaine"
"at_90787","Développement de recycleries","Gestion des déchets","Nouvelle-Aquitaine"
"at_90787","Développement de recycleries","Gestion des déchets","Nouvelle-Aquitaine"
"at_90787","Développement de recycleries","Gestion des déchets","Nouvelle-Aquitaine"
"at_90828","Gestion des déchets du bâtiment","Secteur ville durable","Nouvelle-Aquitaine"
"at_90828","Gestion des déchets du bâtiment","Secteur ville durable","Nouvelle-Aquitaine"
"at_90828","Gestion des déchets du bâtiment","Secteur ville durable","Nouvelle-Aquitaine"
"at_90828","Gestion des déchets du bâtiment","Secteur ville durable","Nouvelle-Aquitaine"
"at_90828","Gestion des déchets du bâtiment","Secteur ville durable","Nouvelle-Aquitaine"
"at_90828","Gestion des déchets du bâtiment","Secteur ville durable","Nouvelle-Aquitaine"
"at_90828","Gestion des déchets du bâtiment","Secteur ville durable","Nouvelle-Aquitaine"
"at_90850","Gestion de l'eau","Secteur agriculture et zones rurales","Nouvelle-Aquitaine"
"at_90850","Gestion de l'eau","Secteur agriculture et zones rurales","Nouvelle-Aquitaine"
"at_90850","Gestion de l'eau","Secteur agriculture et zones rurales","Nouvelle-Aquitaine"
"at_90850","Gestion de l'eau","Secteur agriculture et zones rurales","Nouvelle-Aquitaine"
"at_90850","Gestion de l'eau","Secteur agriculture et zones rurales","Nouvelle-Aquitaine"
"at_90850","Gestion de l'eau","Secteur agriculture et zones rurales","Nouvelle-Aquitaine"
"at_90850","Gestion de l'eau","Secteur agriculture et zones rurales","Nouvelle-Aquitaine"
"at_90804","Traitement et valorisation des biodéchets","Gestion des déchets","Nouvelle-Aquitaine"
"at_78479","Développement des circuits courts","Secteur agriculture et zones rurales","Occitanie"
"at_78479","Développement des circuits courts","Secteur agriculture et zones rurales","Occitanie"
"at_78479","Développement des circuits courts","Secteur agriculture et zones rurales","Occitanie"
"at_78479","Développement des circuits courts","Secteur agriculture et zones rurales","Occitanie"
"at_78479","Développement des circuits courts","Secteur agriculture et zones rurales","Occitanie"
"at_78479","Développement des circuits courts","Secteur agriculture et zones rurales","Occitanie"
"at_78479","Développement des circuits courts","Secteur agriculture et zones rurales","Occitanie"
"at_78479","Développement des circuits courts","Secteur agriculture et zones rurales","Occitanie"
"at_78479","Développement des circuits courts","Secteur agriculture et zones rurales","Occitanie"
"at_78479","Développement des circuits courts","Secteur agriculture et zones rurales","Occitanie"
"at_78479","Développement des circuits courts","Secteur agriculture et zones rurales","Occitanie"
"at_78479","Développement des circuits courts","Secteur agriculture et zones rurales","Occitanie"
"at_78479","Développement des circuits courts","Secteur agriculture et zones rurales","Occitanie"
"at_78479","Développement des circuits courts","Secteur agriculture et zones rurales","Occitanie"
"at_78479","Développement des circuits courts","Secteur agriculture et zones rurales","Occitanie"
"at_78479","Développement des circuits courts","Secteur agriculture et zones rurales","Occitanie"
"at_78479","Développement des circuits courts","Secteur agriculture et zones rurales","Occitanie"
"at_78479","Développement des circuits courts","Secteur agriculture et zones rurales","Occitanie"
"at_78479","Développement des circuits courts","Secteur agriculture et zones rurales","Occitanie"
"at_78479","Développement des circuits courts","Secteur agriculture et zones rurales","Occitanie"
"at_78479","Développement des circuits courts","Secteur agriculture et zones rurales","Occitanie"
"at_98579","Aménagement d'ouvrages et équipements","Secteur eau et écosystèmes","France"
"at_81523","Sensibilisation et formation","Ressources humaines","France"
"at_12477","Réduction de l'empreinte carbone","Evolution des procédés industriels","Occitanie"
"at_12477","Réduction de l'empreinte carbone","Evolution des procédés industriels","Occitanie"
"at_99011","Développement de filières recyclage","Secteur infrastructure et déchèterie","Centre-Val de Loire"
"at_99011","Développement de filières recyclage","Secteur infrastructure et déchèterie","Centre-Val de Loire"
"at_99011","Développement de filières recyclage","Secteur infrastructure et déchèterie","Centre-Val de Loire"
"at_99011","Développement de filières recyclage","Secteur infrastructure et déchèterie","Centre-Val de Loire"
"at_99011","Développement de filières recyclage","Secteur infrastructure et déchèterie","Normandie"
"at_99011","Développement de filières recyclage","Secteur infrastructure et déchèterie","Normandie"
"at_99011","Développement de filières recyclage","Secteur infrastructure et déchèterie","Normandie"
"at_99011","Développement de filières recyclage","Secteur infrastructure et déchèterie","Normandie"
"at_98472","Réduction des pesticides","Secteur agriculture et zones rurales","Occitanie"
"at_98868","Acquisition foncière","Secteur eau et écosystèmes","Île-de-France"
"at_98868","Acquisition foncière","Secteur eau et écosystèmes","Île-de-France"
"at_98868","Acquisition foncière","Secteur eau et écosystèmes","Île-de-France"
"at_98868","Acquisition foncière","Secteur eau et écosystèmes","Île-de-France"
"at_98868","Acquisition foncière","Secteur eau et écosystèmes","Île-de-France"
"at_98868","Acquisition foncière","Secteur eau et écosystèmes","Île-de-France"
"at_98868","Acquisition foncière","Secteur eau et écosystèmes","Île-de-France"
"at_98868","Acquisition foncière","Secteur eau et écosystèmes","Île-de-France"
"at_98868","Acquisition foncière","Secteur eau et écosystèmes","Île-de-France"
"at_98868","Acquisition foncière","Secteur eau et écosystèmes","Île-de-France"
"at_98868","Acquisition foncière","Secteur eau et écosystèmes","Île-de-France"
"at_98868","Acquisition foncière","Secteur eau et écosystèmes","Île-de-France"
"at_81524","Digitalisation des commerces et artisans","Secteur ville durable","France"
"at_20050","Numérique responsable","Innovation produits et services","Occitanie"
"at_20050","Numérique responsable","Innovation produits et services","Occitanie"
"at_20395","Réseaux de chaleur et récupération de chaleur","Production et distribution d'énergie","Occitanie"
"at_20395","Réseaux de chaleur et récupération de chaleur","Production et distribution d'énergie","Occitanie"
"at_20395","Réseaux de chaleur et récupération de chaleur","Production et distribution d'énergie","Occitanie"
"at_20395","Réseaux de chaleur et récupération de chaleur","Production et distribution d'énergie","Occitanie"
"at_20395","Réseaux de chaleur et récupération de chaleur","Production et distribution d'énergie","Occitanie"
"at_30742","Stockage de l'énergie","Production et distribution d'énergie","Occitanie"
"at_90745","Tri, recyclage, réemploi et réparation","Gestion des déchets","Nouvelle-Aquitaine"
"at_65562","Achat et location véhicules peu polluants","Mobilité des employés","Occitanie"
"at_65562","Achat et location véhicules peu polluants","Mobilité des employés","Occitanie"
"at_65562","Achat et location véhicules peu polluants","Mobilité des employés","Occitanie"
"at_65562","Achat et location véhicules peu polluants","Mobilité des employés","Occitanie"
"at_65562","Achat et location véhicules peu polluants","Mobilité des employés","Occitanie"
"at_65562","Achat et location véhicules peu polluants","Mobilité des employés","Occitanie"
"at_65562","Achat et location véhicules peu polluants","Mobilité des employés","Occitanie"
"at_81525","Agriculture urbaine","Secteur agriculture et zones rurales","France"
"at_81525","Agriculture urbaine","Secteur ville durable","France"
"at_81526","Formation et accompagnement","Secteur ville durable","France"
"at_81528","Formation et animation des acteurs locaux","Secteur eau et écosystèmes","France"
"at_82628","Développement du ferroviaire","Mobilité des employés","France"
"at_82629","Développement du covoiturage et autopartage","Mobilité des employés","France"
"at_100080","Logistique de proximité","Secteur ville durable","France"
"at_94688","Sensibilisation sur les consommations","Gestion des bâtiments","France"
"at_93326","Animation et développement économique et social","Secteur agriculture et zones rurales","Hauts-de-France"
"at_93326","Animation et développement économique et social","Secteur agriculture et zones rurales","Hauts-de-France"
"at_93326","Animation et développement économique et social","Secteur ville durable","Hauts-de-France"
"at_93326","Animation et développement économique et social","Secteur ville durable","Hauts-de-France"
"at_82917","Biodiversité et bien-être animal","Secteur agriculture et zones rurales","France"
"at_82917","Biodiversité et bien-être animal","Secteur agriculture et zones rurales","France"
"at_82917","Biodiversité et bien-être animal","Secteur agriculture et zones rurales","France"
"at_82917","Biodiversité et bien-être animal","Secteur agriculture et zones rurales","France"
"at_89215","Adaptation au changement climatique","Secteur agriculture et zones rurales","Occitanie"
"at_90955","Aide aux investissements et financements","Innovation produits et services","Nouvelle-Aquitaine"
"at_90955","Aide aux investissements et financements","Innovation produits et services","Nouvelle-Aquitaine"
"at_74159","Performance environnementale de l'alimentation","Secteur agriculture et zones rurales","Bretagne"
